num_pigs,num_birds,num_destroyable_objects,num_generated_shots,num_times_played,num_strategies,num_line_segments_hills,num_score,max_score,levelid,list_strategies,game_won
1,3,16,92,0,11,0,28960,0,1,bunker:bunker:bunker:bunker:bunker:bunker:bunker:bunker:domino:domino:domino,WON
4,4,13,62,0,8,14,53130,0,2,collapseStructure:collapseStructure:collapseStructure:domino:collapseStructure:collapseStructure:targetPig,WON
2,4,10,44,0,2,5,10560,0,3,heavyObject:targetPig,WON
1,4,15,102,0,12,6,19340,0,4,bunker:bunker:bunker:bunker:bunker:domino:domino:domino:domino:domino:domino:domino,WON
5,4,38,240,0,64,4,69750,0,5,collapseStructure:bunker:bunker:bunker:bunker:bunker:collapseStructure:domino:domino:domino:domino:domino:domino:domino:domino:domino:domino:domino:domino:domino,WON
2,4,23,110,0,15,13,36020,0,6,collapseStructure:collapseStructure:bunker:bunker:bunker:bunker:collapseStructure:collapseStructure:domino:domino:domino,WON
3,4,31,150,0,18,4,18310,0,7,bunker:bunker:bunker:bunker:bunker:bunker:domino:domino,LOST
4,4,14,28,0,17,18,12450,0,8,bunker:bunker:heavyObject:targetPig:domino:domino:domino,LOST
3,4,36,206,0,31,0,25710,0,9,bunker:bunker:bunker:bunker:bunker:collapseStructure:collapseStructure:collapseStructure:domino:domino:domino:domino:domino,WON
2,5,36,162,0,20,7,45820,0,10,collapseStructure:collapseStructure:collapseStructure:bunker:bunker:bunker:bunker:domino:domino:domino:domino:domino:domino:domino:domino:domino,WON
4,4,43,150,0,27,9,47350,0,11,collapseStructure:bunker:bunker:bunker:bunker:bunker:bunker:collapseStructure:targetPig:domino,WON
3,4,32,162,0,64,6,52860,0,12,targetPig:targetPig:collapseStructure:collapseStructure:targetPig:targetPig:collapseStructure:collapseStructure:targetPig:collapseStructure:defrost:defrost:bunker:bunker:domino:domino:domino:domino:domino:domino:domino:domino:domino:domino,WON
3,4,33,150,0,43,7,30070,0,13,collapseStructure:collapseStructure:bunker:bunker:bunker:bunker:bunker:targetPig:domino:domino:domino:domino:domino:domino,WON
9,4,23,66,0,37,14,65640,0,14,targetPig:domino:domino:domino:domino:domino:domino:domino,WON
3,4,38,128,0,26,12,44410,0,15,targetPig:targetPig:defrost:defrost:defrost:domino:domino:domino:domino:domino:domino,WON
4,5,32,148,0,24,4,42510,0,16,targetPig:collapseStructure:targetPig:collapseStructure:domino:domino:domino:domino:domino:domino,WON
3,3,46,286,0,34,0,48870,0,17,targetPig:targetPig:targetPig:collapseStructure:collapseStructure:collapseStructure:collapseStructure:collapseStructure:targetPig:domino:domino:domino:domino:domino:domino:domino:domino:domino,WON
4,5,27,128,0,43,11,45000,0,18,targetPig:targetPig:collapseStructure:collapseStructure:collapseStructure:targetPig:domino:domino:domino:domino:domino:domino:domino:domino:domino:domino:domino:domino:domino:domino:domino:domino:domino:domino:domino:domino,WON
1,4,35,270,0,19,9,28090,0,19,collapseStructure:domino:domino:domino:domino:domino:domino:domino:domino:bunker:bunker:domino:domino:domino:domino:domino:domino:domino:domino,WON
2,5,33,158,0,23,8,19850,0,20,targetPig:domino:domino:domino:domino:domino:domino:domino:domino:domino:domino:domino:domino,LOST
3,8,70,372,0,92,5,51790,0,21,targetPig:collapseStructure:collapseStructure:collapseStructure:collapseStructure:defrost:defrost:defrost:domino:domino:domino:domino:domino:domino:domino:domino:domino:domino:domino:domino:domino:domino:domino:domino:domino:domino:domino:domino:domino:domino:domino,LOST
1,3,16,92,1,11,0,28700,28960,1,bunker:bunker:bunker:bunker:bunker:bunker:bunker:bunker:domino:domino:domino,WON
4,4,13,62,1,8,14,53160,53130,2,collapseStructure:collapseStructure:collapseStructure:domino:collapseStructure:collapseStructure:targetPig,WON
2,4,10,44,1,2,5,0,10560,3,heavyObject:targetPig,LOST
1,4,15,102,1,12,6,19780,19340,4,bunker:bunker:bunker:bunker:bunker:domino:domino:domino:domino:domino:domino:domino,WON
5,4,38,240,1,64,4,69640,69750,5,collapseStructure:bunker:bunker:bunker:bunker:bunker:collapseStructure:domino:domino:domino:domino:domino:domino:domino:domino:domino:domino:domino:domino:domino,WON
2,4,23,110,1,15,13,36460,36020,6,collapseStructure:collapseStructure:bunker:bunker:bunker:bunker:collapseStructure:collapseStructure:domino:domino:domino,WON
3,4,31,150,1,18,4,16420,0,7,bunker:bunker:bunker:bunker:bunker:bunker:domino:domino,LOST
4,4,14,28,1,17,18,6640,0,8,bunker:heavyObject:bunker:targetPig:domino:domino:domino,LOST
3,4,36,206,1,31,0,19990,25710,9,bunker:bunker:bunker:bunker:bunker:collapseStructure:collapseStructure:collapseStructure:domino:domino:domino:domino:domino,LOST
2,5,36,162,1,20,7,30790,45820,10,collapseStructure:collapseStructure:collapseStructure:bunker:bunker:bunker:bunker:domino:domino:domino:domino:domino:domino:domino:domino:domino,LOST
4,4,43,150,1,27,9,51880,47350,11,collapseStructure:bunker:bunker:bunker:bunker:bunker:bunker:collapseStructure:targetPig:domino,WON
3,4,32,162,1,64,6,56030,52860,12,targetPig:targetPig:collapseStructure:collapseStructure:targetPig:targetPig:collapseStructure:collapseStructure:targetPig:collapseStructure:defrost:defrost:bunker:bunker:domino:domino:domino:domino:domino:domino:domino:domino:domino:domino,WON
3,4,33,150,1,43,7,40890,30070,13,collapseStructure:collapseStructure:bunker:bunker:bunker:bunker:bunker:targetPig:domino:domino:domino:domino:domino:domino,WON
9,4,23,66,1,37,14,65640,65640,14,targetPig:domino:domino:domino:domino:domino:domino:domino,WON
3,4,38,128,1,26,12,44140,44410,15,targetPig:targetPig:defrost:defrost:defrost:domino:domino:domino:domino:domino:domino,WON
4,5,32,148,1,24,4,43090,42510,16,targetPig:collapseStructure:targetPig:collapseStructure:domino:domino:domino:domino:domino:domino,WON
3,3,46,286,1,34,0,42370,48870,17,targetPig:targetPig:targetPig:collapseStructure:collapseStructure:collapseStructure:collapseStructure:collapseStructure:targetPig:domino:domino:domino:domino:domino:domino:domino:domino:domino,WON
4,5,27,128,1,43,11,46680,45000,18,targetPig:targetPig:collapseStructure:collapseStructure:collapseStructure:targetPig:domino:domino:domino:domino:domino:domino:domino:domino:domino:domino:domino:domino:domino:domino:domino:domino:domino:domino:domino:domino,WON
1,4,35,270,1,19,9,26810,28090,19,collapseStructure:domino:domino:domino:domino:domino:domino:domino:domino:bunker:bunker:domino:domino:domino:domino:domino:domino:domino:domino,WON
2,5,33,158,1,23,8,19780,0,20,targetPig:domino:domino:domino:domino:domino:domino:domino:domino:domino:domino:domino:domino,LOST
3,7,70,372,1,92,5,55120,0,21,targetPig:collapseStructure:collapseStructure:collapseStructure:collapseStructure:defrost:defrost:defrost:domino:domino:domino:domino:domino:domino:domino:domino:domino:domino:domino:domino:domino:domino:domino:domino:domino:domino:domino:domino:domino:domino:domino,WON
1,3,16,92,2,11,0,28700,28960,1,bunker:bunker:bunker:bunker:bunker:bunker:bunker:bunker:domino:domino:domino,WON
4,4,13,62,2,8,14,53130,53160,2,collapseStructure:collapseStructure:collapseStructure:domino:collapseStructure:collapseStructure:targetPig,WON
2,4,10,44,2,2,5,30790,10560,3,targetPig:heavyObject,WON
1,4,15,102,2,12,6,19610,19780,4,bunker:bunker:bunker:bunker:bunker:domino:domino:domino:domino:domino:domino:domino,WON
5,4,38,240,2,64,4,71850,69750,5,collapseStructure:bunker:bunker:bunker:bunker:bunker:collapseStructure:domino:domino:domino:domino:domino:domino:domino:domino:domino:domino:domino:domino:domino,WON
2,4,23,110,2,15,13,36460,36460,6,collapseStructure:collapseStructure:bunker:bunker:bunker:bunker:collapseStructure:collapseStructure:domino:domino:domino,WON
3,4,31,150,2,18,4,19760,0,7,bunker:bunker:bunker:bunker:bunker:bunker:domino:domino,WON
4,4,14,28,2,17,18,57250,0,8,heavyObject:bunker:bunker:targetPig:domino:domino:domino,WON
3,4,36,206,2,31,0,17290,25710,9,bunker:bunker:bunker:bunker:bunker:collapseStructure:collapseStructure:collapseStructure:domino:domino:domino:domino:domino,LOST
2,5,36,162,2,20,7,41650,45820,10,collapseStructure:collapseStructure:collapseStructure:bunker:bunker:bunker:bunker:domino:domino:domino:domino:domino:domino:domino:domino:domino,WON
4,4,43,150,2,27,9,41330,51880,11,collapseStructure:bunker:bunker:bunker:bunker:bunker:bunker:collapseStructure:targetPig:domino,WON
3,4,32,162,2,64,6,55240,56030,12,targetPig:targetPig:collapseStructure:collapseStructure:targetPig:targetPig:collapseStructure:collapseStructure:targetPig:collapseStructure:defrost:defrost:bunker:bunker:domino:domino:domino:domino:domino:domino:domino:domino:domino:domino,WON
3,4,33,150,2,43,7,29570,40890,13,collapseStructure:collapseStructure:bunker:bunker:bunker:bunker:bunker:targetPig:domino:domino:domino:domino:domino:domino,WON
9,4,23,66,2,37,14,65640,65640,14,targetPig:domino:domino:domino:domino:domino:domino:domino,WON
3,4,38,128,2,26,12,39350,44410,15,targetPig:targetPig:defrost:defrost:defrost:domino:domino:domino:domino:domino:domino,WON
4,5,32,148,2,24,4,45530,43090,16,targetPig:collapseStructure:targetPig:collapseStructure:domino:domino:domino:domino:domino:domino,WON
3,3,46,286,2,34,0,41740,48870,17,targetPig:targetPig:targetPig:collapseStructure:collapseStructure:collapseStructure:collapseStructure:collapseStructure:targetPig:domino:domino:domino:domino:domino:domino:domino:domino:domino,WON
4,5,27,128,2,43,11,44860,46680,18,targetPig:targetPig:collapseStructure:collapseStructure:collapseStructure:targetPig:domino:domino:domino:domino:domino:domino:domino:domino:domino:domino:domino:domino:domino:domino:domino:domino:domino:domino:domino:domino,WON
1,4,35,270,2,19,9,27470,28090,19,collapseStructure:domino:domino:domino:domino:domino:domino:domino:domino:bunker:bunker:domino:domino:domino:domino:domino:domino:domino:domino,WON
2,5,33,158,2,23,8,16170,0,20,targetPig:domino:domino:domino:domino:domino:domino:domino:domino:domino:domino:domino:domino,LOST
3,7,70,372,2,92,5,59970,55120,21,targetPig:collapseStructure:collapseStructure:collapseStructure:collapseStructure:defrost:defrost:defrost:domino:domino:domino:domino:domino:domino:domino:domino:domino:domino:domino:domino:domino:domino:domino:domino:domino:domino:domino:domino:domino:domino:domino,WON
1,3,16,92,3,11,0,28640,28960,1,bunker:bunker:bunker:bunker:bunker:bunker:bunker:bunker:domino:domino:domino,WON
4,4,13,62,3,8,14,53130,53160,2,collapseStructure:collapseStructure:collapseStructure:domino:collapseStructure:collapseStructure:targetPig,WON
2,4,10,44,3,2,5,30790,30790,3,targetPig:heavyObject,WON
1,4,15,102,3,12,6,19610,19780,4,bunker:bunker:bunker:bunker:bunker:domino:domino:domino:domino:domino:domino:domino,WON
5,4,38,240,3,64,4,43980,71850,5,collapseStructure:bunker:bunker:bunker:bunker:bunker:collapseStructure:domino:domino:domino:domino:domino:domino:domino:domino:domino:domino:domino:domino:domino,WON
2,4,23,110,3,15,13,36460,36460,6,collapseStructure:collapseStructure:bunker:bunker:bunker:bunker:collapseStructure:collapseStructure:domino:domino:domino,WON
3,4,31,150,3,18,4,14760,19760,7,bunker:bunker:bunker:bunker:bunker:bunker:domino:domino,LOST
4,4,14,28,3,17,18,56610,57250,8,heavyObject:bunker:bunker:targetPig:domino:domino:domino,WON
3,4,36,206,3,31,0,16340,25710,9,bunker:bunker:bunker:bunker:bunker:collapseStructure:collapseStructure:collapseStructure:domino:domino:domino:domino:domino,LOST
2,5,36,162,3,20,7,47630,45820,10,collapseStructure:collapseStructure:collapseStructure:bunker:bunker:bunker:bunker:domino:domino:domino:domino:domino:domino:domino:domino:domino,WON
4,4,43,150,3,27,9,53230,51880,11,collapseStructure:bunker:bunker:bunker:bunker:bunker:bunker:collapseStructure:targetPig:domino,WON
3,4,32,162,3,64,6,55430,56030,12,targetPig:targetPig:collapseStructure:collapseStructure:targetPig:targetPig:collapseStructure:collapseStructure:targetPig:collapseStructure:defrost:defrost:bunker:bunker:domino:domino:domino:domino:domino:domino:domino:domino:domino:domino,WON
3,4,33,150,3,43,7,29750,40890,13,collapseStructure:collapseStructure:bunker:bunker:bunker:bunker:bunker:targetPig:domino:domino:domino:domino:domino:domino,WON
9,4,23,66,3,37,14,65640,65640,14,targetPig:domino:domino:domino:domino:domino:domino:domino,WON
3,4,38,128,3,26,12,39320,44410,15,targetPig:targetPig:defrost:defrost:defrost:domino:domino:domino:domino:domino:domino,WON
4,5,32,148,3,24,4,57420,45530,16,targetPig:collapseStructure:targetPig:collapseStructure:domino:domino:domino:domino:domino:domino,WON
3,3,46,286,3,34,0,41440,48870,17,targetPig:targetPig:targetPig:collapseStructure:collapseStructure:collapseStructure:collapseStructure:collapseStructure:targetPig:domino:domino:domino:domino:domino:domino:domino:domino:domino,WON
4,5,27,128,3,43,11,45430,46680,18,targetPig:targetPig:collapseStructure:collapseStructure:collapseStructure:targetPig:domino:domino:domino:domino:domino:domino:domino:domino:domino:domino:domino:domino:domino:domino:domino:domino:domino:domino:domino:domino,WON
1,4,35,270,3,19,9,15200,28090,19,collapseStructure:domino:domino:domino:domino:domino:domino:domino:domino:bunker:bunker:domino:domino:domino:domino:domino:domino:domino:domino,LOST
2,5,33,158,3,23,8,52260,0,20,targetPig:domino:domino:domino:domino:domino:domino:domino:domino:domino:domino:domino:domino,WON
3,7,70,372,3,92,5,57600,59970,21,targetPig:collapseStructure:collapseStructure:collapseStructure:collapseStructure:defrost:defrost:defrost:domino:domino:domino:domino:domino:domino:domino:domino:domino:domino:domino:domino:domino:domino:domino:domino:domino:domino:domino:domino:domino:domino:domino,WON
1,3,16,92,4,11,0,28700,28960,1,bunker:bunker:bunker:bunker:bunker:bunker:bunker:bunker:domino:domino:domino,WON
4,4,13,62,4,8,14,53130,53160,2,collapseStructure:collapseStructure:collapseStructure:domino:collapseStructure:collapseStructure:targetPig,WON
2,4,10,44,4,2,5,30790,30790,3,targetPig:heavyObject,WON
1,4,15,102,4,12,6,19610,19780,4,bunker:bunker:bunker:bunker:bunker:domino:domino:domino:domino:domino:domino:domino,WON
5,4,38,240,4,64,4,71310,71850,5,collapseStructure:bunker:bunker:bunker:bunker:bunker:collapseStructure:domino:domino:domino:domino:domino:domino:domino:domino:domino:domino:domino:domino:domino,WON
2,4,23,110,4,15,13,36460,36460,6,collapseStructure:collapseStructure:bunker:bunker:bunker:bunker:collapseStructure:collapseStructure:domino:domino:domino,WON
3,4,31,150,4,18,4,15910,19760,7,bunker:bunker:bunker:bunker:bunker:bunker:domino:domino,LOST
4,4,14,28,4,17,18,58300,57250,8,heavyObject:bunker:bunker:targetPig:domino:domino:domino,WON
3,4,36,206,4,31,0,25340,25710,9,bunker:bunker:bunker:bunker:bunker:collapseStructure:collapseStructure:collapseStructure:domino:domino:domino:domino:domino,WON
2,5,36,162,4,20,7,34400,47630,10,collapseStructure:collapseStructure:collapseStructure:bunker:bunker:bunker:bunker:domino:domino:domino:domino:domino:domino:domino:domino:domino,WON
4,4,43,150,4,27,9,54440,53230,11,collapseStructure:bunker:bunker:bunker:bunker:bunker:bunker:collapseStructure:targetPig:domino,WON
3,4,32,162,4,64,6,55220,56030,12,targetPig:targetPig:collapseStructure:collapseStructure:targetPig:targetPig:collapseStructure:collapseStructure:targetPig:collapseStructure:defrost:defrost:bunker:bunker:domino:domino:domino:domino:domino:domino:domino:domino:domino:domino,WON
3,4,33,150,4,43,7,29970,40890,13,collapseStructure:collapseStructure:bunker:bunker:bunker:bunker:bunker:targetPig:domino:domino:domino:domino:domino:domino,WON
9,4,23,66,4,37,14,65640,65640,14,targetPig:domino:domino:domino:domino:domino:domino:domino,WON
3,4,38,128,4,26,12,45250,44410,15,targetPig:targetPig:defrost:defrost:defrost:domino:domino:domino:domino:domino:domino,WON
4,5,32,148,4,24,4,39730,57420,16,targetPig:collapseStructure:targetPig:collapseStructure:domino:domino:domino:domino:domino:domino,LOST
3,3,46,286,4,34,0,47160,48870,17,targetPig:targetPig:targetPig:collapseStructure:collapseStructure:collapseStructure:collapseStructure:collapseStructure:targetPig:domino:domino:domino:domino:domino:domino:domino:domino:domino,WON
4,5,27,128,4,43,11,45960,46680,18,targetPig:targetPig:collapseStructure:collapseStructure:collapseStructure:targetPig:domino:domino:domino:domino:domino:domino:domino:domino:domino:domino:domino:domino:domino:domino:domino:domino:domino:domino:domino:domino,WON
1,4,35,270,4,19,9,12560,28090,19,collapseStructure:domino:domino:domino:domino:domino:domino:domino:domino:bunker:bunker:domino:domino:domino:domino:domino:domino:domino:domino,LOST
2,5,33,158,4,23,8,26820,52260,20,targetPig:domino:domino:domino:domino:domino:domino:domino:domino:domino:domino:domino:domino,LOST
3,7,70,372,4,92,5,62390,59970,21,targetPig:collapseStructure:collapseStructure:collapseStructure:collapseStructure:defrost:defrost:defrost:domino:domino:domino:domino:domino:domino:domino:domino:domino:domino:domino:domino:domino:domino:domino:domino:domino:domino:domino:domino:domino:domino:domino,WON
1,3,16,92,5,11,0,28700,28960,1,bunker:bunker:bunker:bunker:bunker:bunker:bunker:bunker:domino:domino:domino,WON
4,4,13,62,5,8,14,53130,53160,2,collapseStructure:collapseStructure:collapseStructure:domino:collapseStructure:collapseStructure:targetPig,WON
2,4,10,44,5,2,5,30790,30790,3,targetPig:heavyObject,WON
1,4,15,102,5,12,6,19610,19780,4,bunker:bunker:bunker:bunker:bunker:domino:domino:domino:domino:domino:domino:domino,WON
5,4,38,240,5,64,4,70710,71850,5,collapseStructure:bunker:bunker:bunker:bunker:bunker:collapseStructure:domino:domino:domino:domino:domino:domino:domino:domino:domino:domino:domino:domino:domino,WON
2,4,23,110,5,15,13,36450,36460,6,collapseStructure:collapseStructure:bunker:bunker:bunker:bunker:collapseStructure:collapseStructure:domino:domino:domino,WON
3,4,31,150,5,18,4,15260,19760,7,bunker:bunker:bunker:bunker:bunker:bunker:domino:domino,LOST
4,4,14,28,5,17,18,56610,58300,8,heavyObject:bunker:bunker:targetPig:domino:domino:domino,WON
3,4,36,206,5,31,0,18410,25710,9,bunker:bunker:bunker:bunker:bunker:collapseStructure:collapseStructure:collapseStructure:domino:domino:domino:domino:domino,LOST
2,5,36,162,5,20,7,42250,47630,10,collapseStructure:collapseStructure:collapseStructure:bunker:bunker:bunker:bunker:domino:domino:domino:domino:domino:domino:domino:domino:domino,WON
4,4,43,150,5,27,9,48690,54440,11,collapseStructure:bunker:bunker:bunker:bunker:bunker:bunker:collapseStructure:targetPig:domino,WON
3,4,32,162,5,64,6,55380,56030,12,targetPig:targetPig:collapseStructure:collapseStructure:targetPig:targetPig:collapseStructure:collapseStructure:targetPig:collapseStructure:defrost:defrost:bunker:bunker:domino:domino:domino:domino:domino:domino:domino:domino:domino:domino,WON
3,4,33,150,5,43,7,29670,40890,13,collapseStructure:collapseStructure:bunker:bunker:bunker:bunker:bunker:targetPig:domino:domino:domino:domino:domino:domino,WON
9,4,23,66,5,37,14,65640,65640,14,targetPig:domino:domino:domino:domino:domino:domino:domino,WON
3,4,38,128,5,26,12,45090,45250,15,targetPig:targetPig:defrost:defrost:defrost:domino:domino:domino:domino:domino:domino,WON
4,5,32,148,5,24,4,54940,57420,16,targetPig:collapseStructure:targetPig:collapseStructure:domino:domino:domino:domino:domino:domino,WON
3,3,46,286,5,34,0,45930,48870,17,targetPig:targetPig:targetPig:collapseStructure:collapseStructure:collapseStructure:collapseStructure:collapseStructure:targetPig:domino:domino:domino:domino:domino:domino:domino:domino:domino,WON
4,5,27,128,5,43,11,46660,46680,18,targetPig:targetPig:collapseStructure:collapseStructure:collapseStructure:targetPig:domino:domino:domino:domino:domino:domino:domino:domino:domino:domino:domino:domino:domino:domino:domino:domino:domino:domino:domino:domino,WON
1,4,35,270,5,19,9,10560,28090,19,collapseStructure:domino:domino:domino:domino:domino:domino:domino:domino:bunker:bunker:domino:domino:domino:domino:domino:domino:domino:domino,LOST
2,5,33,158,5,23,8,25020,52260,20,targetPig:domino:domino:domino:domino:domino:domino:domino:domino:domino:domino:domino:domino,LOST
3,7,70,372,5,92,5,65740,62390,21,targetPig:collapseStructure:collapseStructure:collapseStructure:collapseStructure:defrost:defrost:defrost:domino:domino:domino:domino:domino:domino:domino:domino:domino:domino:domino:domino:domino:domino:domino:domino:domino:domino:domino:domino:domino:domino:domino,WON
1,3,16,92,6,11,0,28700,28960,1,bunker:bunker:bunker:bunker:bunker:bunker:bunker:bunker:domino:domino:domino,WON
4,4,13,62,6,8,14,53160,53160,2,collapseStructure:collapseStructure:collapseStructure:domino:collapseStructure:collapseStructure:targetPig,WON
2,4,10,44,6,2,5,30790,30790,3,targetPig:heavyObject,WON
1,4,15,102,6,12,6,19610,19780,4,bunker:bunker:bunker:bunker:bunker:domino:domino:domino:domino:domino:domino:domino,WON
5,4,38,240,6,64,4,70250,71850,5,collapseStructure:bunker:bunker:bunker:bunker:bunker:collapseStructure:domino:domino:domino:domino:domino:domino:domino:domino:domino:domino:domino:domino:domino,WON
2,4,23,110,6,15,13,35560,36460,6,collapseStructure:collapseStructure:bunker:bunker:bunker:bunker:collapseStructure:collapseStructure:domino:domino:domino,WON
3,4,31,150,6,18,4,14850,19760,7,bunker:bunker:bunker:bunker:bunker:bunker:domino:domino,LOST
4,4,14,28,6,17,18,57400,58300,8,heavyObject:bunker:bunker:targetPig:domino:domino:domino,WON
3,4,36,206,6,31,0,25170,25710,9,bunker:bunker:bunker:bunker:bunker:collapseStructure:collapseStructure:collapseStructure:domino:domino:domino:domino:domino,WON
2,5,36,162,6,20,7,21450,47630,10,collapseStructure:collapseStructure:collapseStructure:bunker:bunker:bunker:bunker:domino:domino:domino:domino:domino:domino:domino:domino:domino,LOST
4,4,43,150,6,27,9,49930,54440,11,collapseStructure:bunker:bunker:bunker:bunker:bunker:bunker:collapseStructure:targetPig:domino,WON
3,4,32,162,6,64,6,55440,56030,12,targetPig:targetPig:collapseStructure:collapseStructure:targetPig:targetPig:collapseStructure:collapseStructure:targetPig:collapseStructure:defrost:defrost:bunker:bunker:domino:domino:domino:domino:domino:domino:domino:domino:domino:domino,WON
3,4,33,150,6,43,7,42360,40890,13,collapseStructure:collapseStructure:bunker:bunker:bunker:bunker:bunker:targetPig:domino:domino:domino:domino:domino:domino,WON
9,4,23,66,6,37,14,65640,65640,14,targetPig:domino:domino:domino:domino:domino:domino:domino,WON
3,4,38,128,6,26,12,45090,45250,15,targetPig:targetPig:defrost:defrost:defrost:domino:domino:domino:domino:domino:domino,WON
4,5,32,148,6,24,4,55500,57420,16,targetPig:collapseStructure:targetPig:collapseStructure:domino:domino:domino:domino:domino:domino,WON
3,3,46,286,6,34,0,49000,48870,17,targetPig:targetPig:targetPig:collapseStructure:collapseStructure:collapseStructure:collapseStructure:collapseStructure:targetPig:domino:domino:domino:domino:domino:domino:domino:domino:domino,WON
4,5,27,128,6,43,11,45410,46680,18,targetPig:targetPig:collapseStructure:collapseStructure:collapseStructure:targetPig:domino:domino:domino:domino:domino:domino:domino:domino:domino:domino:domino:domino:domino:domino:domino:domino:domino:domino:domino:domino,WON
1,4,35,270,6,19,9,26820,28090,19,domino:domino:domino:domino:domino:domino:domino:domino:bunker:bunker:domino:domino:domino:domino:domino:domino:domino:domino:collapseStructure,WON
2,5,33,158,6,23,8,38090,52260,20,domino:domino:domino:domino:domino:domino:domino:domino:domino:domino:domino:domino:targetPig,WON
3,7,70,372,6,92,5,52410,65740,21,targetPig:collapseStructure:collapseStructure:collapseStructure:collapseStructure:defrost:defrost:defrost:domino:domino:domino:domino:domino:domino:domino:domino:domino:domino:domino:domino:domino:domino:domino:domino:domino:domino:domino:domino:domino:domino:domino,LOST
1,3,16,92,7,11,0,28700,28960,1,bunker:bunker:bunker:bunker:bunker:bunker:bunker:bunker:domino:domino:domino,WON
4,4,13,62,7,8,14,53130,53160,2,collapseStructure:collapseStructure:collapseStructure:domino:collapseStructure:collapseStructure:targetPig,WON
2,4,10,44,7,2,5,30790,30790,3,targetPig:heavyObject,WON
1,4,15,102,7,12,6,19610,19780,4,bunker:bunker:bunker:bunker:bunker:domino:domino:domino:domino:domino:domino:domino,WON
5,4,38,240,7,64,4,71310,71850,5,collapseStructure:bunker:bunker:bunker:bunker:bunker:collapseStructure:domino:domino:domino:domino:domino:domino:domino:domino:domino:domino:domino:domino:domino,WON
2,4,23,110,7,15,13,36450,36460,6,collapseStructure:collapseStructure:bunker:bunker:bunker:bunker:collapseStructure:collapseStructure:domino:domino:domino,WON
3,4,31,150,7,18,4,15820,19760,7,bunker:bunker:bunker:bunker:bunker:bunker:domino:domino,LOST
4,4,14,28,7,17,18,56820,58300,8,heavyObject:bunker:bunker:targetPig:domino:domino:domino,WON
3,4,36,206,7,31,0,26190,25710,9,bunker:bunker:bunker:bunker:bunker:collapseStructure:collapseStructure:collapseStructure:domino:domino:domino:domino:domino,WON
2,5,36,162,7,20,7,30810,47630,10,collapseStructure:collapseStructure:collapseStructure:bunker:bunker:bunker:bunker:domino:domino:domino:domino:domino:domino:domino:domino:domino,LOST
4,4,43,150,7,27,9,50340,54440,11,collapseStructure:bunker:bunker:bunker:bunker:bunker:bunker:collapseStructure:targetPig:domino,WON
3,4,32,162,7,64,6,55240,56030,12,targetPig:targetPig:collapseStructure:collapseStructure:targetPig:targetPig:collapseStructure:collapseStructure:targetPig:collapseStructure:defrost:defrost:bunker:bunker:domino:domino:domino:domino:domino:domino:domino:domino:domino:domino,WON
3,4,33,150,7,43,7,29950,42360,13,collapseStructure:collapseStructure:bunker:bunker:bunker:bunker:bunker:targetPig:domino:domino:domino:domino:domino:domino,WON
9,4,23,66,7,37,14,65640,65640,14,targetPig:domino:domino:domino:domino:domino:domino:domino,WON
3,4,38,128,7,26,12,39350,45250,15,targetPig:targetPig:defrost:defrost:defrost:domino:domino:domino:domino:domino:domino,WON
4,5,32,148,7,24,4,47480,57420,16,targetPig:collapseStructure:targetPig:collapseStructure:domino:domino:domino:domino:domino:domino,WON
3,3,46,286,7,34,0,52400,49000,17,targetPig:targetPig:targetPig:collapseStructure:collapseStructure:collapseStructure:collapseStructure:collapseStructure:targetPig:domino:domino:domino:domino:domino:domino:domino:domino:domino,WON
4,5,27,128,7,43,11,47030,46680,18,targetPig:targetPig:collapseStructure:collapseStructure:collapseStructure:targetPig:domino:domino:domino:domino:domino:domino:domino:domino:domino:domino:domino:domino:domino:domino:domino:domino:domino:domino:domino:domino,WON
1,4,35,270,7,19,9,18460,28090,19,domino:domino:domino:domino:domino:domino:domino:domino:bunker:bunker:domino:domino:domino:domino:domino:domino:domino:domino:collapseStructure,LOST
2,5,33,158,7,23,8,39800,52260,20,domino:domino:domino:domino:domino:domino:domino:domino:domino:domino:domino:domino:targetPig,WON
3,7,70,372,7,92,5,52600,65740,21,targetPig:collapseStructure:collapseStructure:collapseStructure:collapseStructure:defrost:defrost:defrost:domino:domino:domino:domino:domino:domino:domino:domino:domino:domino:domino:domino:domino:domino:domino:domino:domino:domino:domino:domino:domino:domino:domino,LOST
1,3,16,92,8,11,0,28700,28960,1,bunker:bunker:bunker:bunker:bunker:bunker:bunker:bunker:domino:domino:domino,WON
4,4,13,62,8,8,14,53130,53160,2,collapseStructure:collapseStructure:collapseStructure:domino:collapseStructure:collapseStructure:targetPig,WON
2,4,10,44,8,2,5,30790,30790,3,targetPig:heavyObject,WON
1,4,15,102,8,12,6,19440,19780,4,bunker:bunker:bunker:bunker:bunker:domino:domino:domino:domino:domino:domino:domino,WON
5,4,38,240,8,64,4,69310,71850,5,collapseStructure:bunker:bunker:bunker:bunker:bunker:collapseStructure:domino:domino:domino:domino:domino:domino:domino:domino:domino:domino:domino:domino:domino,WON
2,4,23,110,8,15,13,36670,36460,6,collapseStructure:collapseStructure:bunker:bunker:bunker:bunker:collapseStructure:collapseStructure:domino:domino:domino,WON
3,4,31,150,8,18,4,16660,19760,7,bunker:bunker:bunker:bunker:bunker:bunker:domino:domino,LOST
4,4,14,28,8,17,18,56910,58300,8,heavyObject:bunker:bunker:targetPig:domino:domino:domino,WON
3,4,36,206,8,31,0,16550,26190,9,bunker:bunker:bunker:bunker:bunker:collapseStructure:collapseStructure:collapseStructure:domino:domino:domino:domino:domino,LOST
2,5,36,162,8,20,7,31300,47630,10,collapseStructure:collapseStructure:collapseStructure:bunker:bunker:bunker:bunker:domino:domino:domino:domino:domino:domino:domino:domino:domino,LOST
4,4,43,150,8,27,9,47140,54440,11,collapseStructure:bunker:bunker:bunker:bunker:bunker:bunker:collapseStructure:targetPig:domino,WON
3,4,32,162,8,64,6,55280,56030,12,targetPig:targetPig:collapseStructure:collapseStructure:targetPig:targetPig:collapseStructure:collapseStructure:targetPig:collapseStructure:defrost:defrost:bunker:bunker:domino:domino:domino:domino:domino:domino:domino:domino:domino:domino,WON
3,4,33,150,8,43,7,29840,42360,13,collapseStructure:collapseStructure:bunker:bunker:bunker:bunker:bunker:targetPig:domino:domino:domino:domino:domino:domino,WON
9,4,23,66,8,37,14,65640,65640,14,targetPig:domino:domino:domino:domino:domino:domino:domino,WON
3,4,38,128,8,26,12,39430,45250,15,targetPig:targetPig:defrost:defrost:defrost:domino:domino:domino:domino:domino:domino,WON
4,5,32,148,8,24,4,53040,57420,16,targetPig:collapseStructure:targetPig:collapseStructure:domino:domino:domino:domino:domino:domino,WON
3,3,46,286,8,34,0,50430,52400,17,targetPig:targetPig:targetPig:collapseStructure:collapseStructure:collapseStructure:collapseStructure:collapseStructure:targetPig:domino:domino:domino:domino:domino:domino:domino:domino:domino,WON
4,5,27,128,8,43,11,46140,47030,18,targetPig:targetPig:collapseStructure:collapseStructure:collapseStructure:targetPig:domino:domino:domino:domino:domino:domino:domino:domino:domino:domino:domino:domino:domino:domino:domino:domino:domino:domino:domino:domino,WON
1,4,35,270,8,19,9,13330,28090,19,domino:domino:domino:domino:domino:domino:domino:bunker:bunker:domino:domino:domino:domino:domino:domino:domino:domino:collapseStructure:domino,LOST
2,5,33,158,8,23,8,33670,52260,20,domino:domino:domino:domino:domino:domino:domino:domino:domino:domino:domino:domino:targetPig,LOST
3,7,70,372,8,92,5,52050,65740,21,targetPig:collapseStructure:collapseStructure:collapseStructure:collapseStructure:defrost:defrost:defrost:domino:domino:domino:domino:domino:domino:domino:domino:domino:domino:domino:domino:domino:domino:domino:domino:domino:domino:domino:domino:domino:domino:domino,LOST
1,3,16,92,9,11,0,28700,28960,1,bunker:bunker:bunker:bunker:bunker:bunker:bunker:bunker:domino:domino:domino,WON
4,4,13,62,9,8,14,53160,53160,2,collapseStructure:collapseStructure:collapseStructure:domino:collapseStructure:collapseStructure:targetPig,WON
2,4,10,44,9,2,5,30790,30790,3,targetPig:heavyObject,WON
1,4,15,102,9,12,6,19610,19780,4,bunker:bunker:bunker:bunker:bunker:domino:domino:domino:domino:domino:domino:domino,WON
5,4,38,240,9,64,4,69590,71850,5,collapseStructure:bunker:bunker:bunker:bunker:bunker:collapseStructure:domino:domino:domino:domino:domino:domino:domino:domino:domino:domino:domino:domino:domino,WON
2,4,23,110,9,15,13,36450,36670,6,collapseStructure:collapseStructure:bunker:bunker:bunker:bunker:collapseStructure:collapseStructure:domino:domino:domino,WON
3,4,31,150,9,18,4,31030,19760,7,bunker:bunker:bunker:bunker:bunker:bunker:domino:domino,WON
4,4,14,28,9,17,18,57110,58300,8,heavyObject:bunker:bunker:targetPig:domino:domino:domino,WON
3,4,36,206,9,31,0,31240,26190,9,bunker:bunker:bunker:bunker:bunker:collapseStructure:collapseStructure:collapseStructure:domino:domino:domino:domino:domino,WON
2,5,36,162,9,20,7,27970,47630,10,collapseStructure:collapseStructure:collapseStructure:bunker:bunker:bunker:bunker:domino:domino:domino:domino:domino:domino:domino:domino:domino,LOST
4,4,43,150,9,27,9,39140,54440,11,collapseStructure:bunker:bunker:bunker:bunker:bunker:bunker:collapseStructure:targetPig:domino,WON
3,4,32,162,9,64,6,55370,56030,12,targetPig:targetPig:collapseStructure:collapseStructure:targetPig:targetPig:collapseStructure:collapseStructure:targetPig:collapseStructure:defrost:defrost:bunker:bunker:domino:domino:domino:domino:domino:domino:domino:domino:domino:domino,WON
3,4,33,150,9,43,7,41480,42360,13,collapseStructure:collapseStructure:bunker:bunker:bunker:bunker:bunker:targetPig:domino:domino:domino:domino:domino:domino,WON
9,4,23,66,9,37,14,65640,65640,14,targetPig:domino:domino:domino:domino:domino:domino:domino,WON
3,4,38,128,9,26,12,46900,45250,15,targetPig:targetPig:defrost:defrost:defrost:domino:domino:domino:domino:domino:domino,WON
4,5,32,148,9,24,4,43790,57420,16,targetPig:collapseStructure:targetPig:collapseStructure:domino:domino:domino:domino:domino:domino,WON
3,3,46,286,9,34,0,51250,52400,17,targetPig:targetPig:targetPig:collapseStructure:collapseStructure:collapseStructure:collapseStructure:collapseStructure:targetPig:domino:domino:domino:domino:domino:domino:domino:domino:domino,WON
4,5,27,128,9,43,11,46260,47030,18,targetPig:targetPig:collapseStructure:collapseStructure:collapseStructure:targetPig:domino:domino:domino:domino:domino:domino:domino:domino:domino:domino:domino:domino:domino:domino:domino:domino:domino:domino:domino:domino,WON
1,4,35,270,9,19,9,29870,28090,19,domino:domino:domino:domino:domino:domino:bunker:bunker:domino:domino:domino:domino:domino:domino:domino:domino:collapseStructure:domino:domino,WON
2,5,33,158,9,23,8,55700,52260,20,domino:domino:domino:domino:domino:domino:domino:domino:domino:domino:domino:targetPig:domino,WON
3,7,70,372,9,92,5,41840,65740,21,targetPig:collapseStructure:collapseStructure:collapseStructure:collapseStructure:defrost:defrost:defrost:domino:domino:domino:domino:domino:domino:domino:domino:domino:domino:domino:domino:domino:domino:domino:domino:domino:domino:domino:domino:domino:domino:domino,LOST
1,3,16,92,10,11,0,28700,28960,1,bunker:bunker:bunker:bunker:bunker:bunker:bunker:bunker:domino:domino:domino,WON
4,4,13,62,10,8,14,53130,53160,2,collapseStructure:collapseStructure:collapseStructure:domino:collapseStructure:collapseStructure:targetPig,WON
2,4,10,44,10,2,5,30790,30790,3,targetPig:heavyObject,WON
1,4,15,102,10,12,6,19440,19780,4,bunker:bunker:bunker:bunker:bunker:domino:domino:domino:domino:domino:domino:domino,WON
5,4,38,240,10,64,4,69260,71850,5,collapseStructure:bunker:bunker:bunker:bunker:bunker:collapseStructure:domino:domino:domino:domino:domino:domino:domino:domino:domino:domino:domino:domino:domino,WON
2,4,23,110,10,15,13,36450,36670,6,collapseStructure:collapseStructure:bunker:bunker:bunker:bunker:collapseStructure:collapseStructure:domino:domino:domino,WON
3,4,31,150,10,18,4,17920,31030,7,bunker:bunker:bunker:bunker:bunker:bunker:domino:domino,LOST
4,4,14,28,10,17,18,56580,58300,8,heavyObject:bunker:bunker:targetPig:domino:domino:domino,WON
3,4,36,206,10,31,0,31070,31240,9,bunker:bunker:bunker:bunker:bunker:collapseStructure:collapseStructure:collapseStructure:domino:domino:domino:domino:domino,WON
2,5,36,162,10,20,7,44310,47630,10,collapseStructure:collapseStructure:collapseStructure:bunker:bunker:bunker:bunker:domino:domino:domino:domino:domino:domino:domino:domino:domino,WON
4,4,43,150,10,27,9,42450,54440,11,collapseStructure:bunker:bunker:bunker:bunker:bunker:bunker:collapseStructure:targetPig:domino,WON
3,4,32,162,10,64,6,55360,56030,12,targetPig:targetPig:collapseStructure:collapseStructure:targetPig:targetPig:collapseStructure:collapseStructure:targetPig:collapseStructure:defrost:defrost:bunker:bunker:domino:domino:domino:domino:domino:domino:domino:domino:domino:domino,WON
3,4,33,150,10,43,7,33230,42360,13,collapseStructure:collapseStructure:bunker:bunker:bunker:bunker:bunker:targetPig:domino:domino:domino:domino:domino:domino,WON
9,4,23,66,10,37,14,65640,65640,14,targetPig:domino:domino:domino:domino:domino:domino:domino,WON
3,4,38,128,10,26,12,39300,46900,15,targetPig:targetPig:defrost:defrost:defrost:domino:domino:domino:domino:domino:domino,WON
4,5,32,148,10,24,4,45800,57420,16,targetPig:collapseStructure:targetPig:collapseStructure:domino:domino:domino:domino:domino:domino,WON
3,3,46,286,10,34,0,49610,52400,17,targetPig:targetPig:targetPig:collapseStructure:collapseStructure:collapseStructure:collapseStructure:collapseStructure:targetPig:domino:domino:domino:domino:domino:domino:domino:domino:domino,WON
4,5,27,128,10,43,11,47000,47030,18,targetPig:targetPig:collapseStructure:collapseStructure:collapseStructure:targetPig:domino:domino:domino:domino:domino:domino:domino:domino:domino:domino:domino:domino:domino:domino:domino:domino:domino:domino:domino:domino,WON
1,4,35,270,10,19,9,29510,29870,19,domino:domino:domino:domino:domino:domino:bunker:bunker:domino:domino:domino:domino:domino:domino:domino:domino:collapseStructure:domino:domino,WON
2,5,33,158,10,23,8,46010,55700,20,domino:domino:domino:domino:domino:domino:domino:domino:domino:domino:domino:targetPig:domino,WON
3,7,70,372,10,92,5,65420,65740,21,targetPig:collapseStructure:collapseStructure:collapseStructure:collapseStructure:defrost:defrost:defrost:domino:domino:domino:domino:domino:domino:domino:domino:domino:domino:domino:domino:domino:domino:domino:domino:domino:domino:domino:domino:domino:domino:domino,WON
1,3,16,92,11,11,0,28700,28960,1,bunker:bunker:bunker:bunker:bunker:bunker:bunker:bunker:domino:domino:domino,WON
4,4,13,62,11,8,14,53130,53160,2,collapseStructure:collapseStructure:collapseStructure:domino:collapseStructure:collapseStructure:targetPig,WON
2,4,10,44,11,2,5,30790,30790,3,targetPig:heavyObject,WON
1,4,15,102,11,12,6,19610,19780,4,bunker:bunker:bunker:bunker:bunker:domino:domino:domino:domino:domino:domino:domino,WON
5,4,38,240,11,64,4,62660,71850,5,collapseStructure:bunker:bunker:bunker:bunker:bunker:collapseStructure:domino:domino:domino:domino:domino:domino:domino:domino:domino:domino:domino:domino:domino,WON
2,4,23,110,11,15,13,35470,36670,6,collapseStructure:collapseStructure:bunker:bunker:bunker:bunker:collapseStructure:collapseStructure:domino:domino:domino,WON
3,4,31,150,11,18,4,17730,31030,7,bunker:bunker:bunker:bunker:bunker:bunker:domino:domino,LOST
4,4,14,28,11,17,18,56680,58300,8,heavyObject:bunker:bunker:targetPig:domino:domino:domino,WON
3,4,36,206,11,31,0,31080,31240,9,bunker:bunker:bunker:bunker:bunker:collapseStructure:collapseStructure:collapseStructure:domino:domino:domino:domino:domino,WON
2,5,36,162,11,20,7,37990,47630,10,collapseStructure:collapseStructure:collapseStructure:bunker:bunker:bunker:bunker:domino:domino:domino:domino:domino:domino:domino:domino:domino,WON
4,4,43,150,11,27,9,28780,54440,11,collapseStructure:bunker:bunker:bunker:bunker:bunker:bunker:collapseStructure:targetPig:domino,WON
3,4,32,162,11,64,6,55440,56030,12,targetPig:targetPig:collapseStructure:collapseStructure:targetPig:targetPig:collapseStructure:collapseStructure:targetPig:collapseStructure:defrost:defrost:bunker:bunker:domino:domino:domino:domino:domino:domino:domino:domino:domino:domino,WON
3,4,33,150,11,43,7,30010,42360,13,collapseStructure:collapseStructure:bunker:bunker:bunker:bunker:bunker:targetPig:domino:domino:domino:domino:domino:domino,WON
9,4,23,66,11,37,14,65640,65640,14,targetPig:domino:domino:domino:domino:domino:domino:domino,WON
3,4,38,128,11,26,12,45260,46900,15,targetPig:targetPig:defrost:defrost:defrost:domino:domino:domino:domino:domino:domino,WON
4,5,32,148,11,24,4,46880,57420,16,targetPig:collapseStructure:targetPig:collapseStructure:domino:domino:domino:domino:domino:domino,WON
3,3,46,286,11,34,0,49350,52400,17,targetPig:targetPig:targetPig:collapseStructure:collapseStructure:collapseStructure:collapseStructure:collapseStructure:targetPig:domino:domino:domino:domino:domino:domino:domino:domino:domino,WON
4,5,27,128,11,43,11,47590,47030,18,targetPig:targetPig:collapseStructure:collapseStructure:collapseStructure:targetPig:domino:domino:domino:domino:domino:domino:domino:domino:domino:domino:domino:domino:domino:domino:domino:domino:domino:domino:domino:domino,WON
1,4,35,270,11,19,9,28440,29870,19,domino:domino:domino:domino:domino:domino:bunker:bunker:domino:domino:domino:domino:domino:domino:domino:domino:collapseStructure:domino:domino,WON
2,5,33,158,11,23,8,57250,55700,20,domino:domino:domino:domino:domino:domino:domino:domino:domino:domino:domino:targetPig:domino,WON
3,7,70,372,11,92,5,62120,65740,21,targetPig:collapseStructure:collapseStructure:collapseStructure:collapseStructure:defrost:defrost:defrost:domino:domino:domino:domino:domino:domino:domino:domino:domino:domino:domino:domino:domino:domino:domino:domino:domino:domino:domino:domino:domino:domino:domino,WON
1,3,16,92,12,11,0,28700,28960,1,bunker:bunker:bunker:bunker:bunker:bunker:bunker:bunker:domino:domino:domino,WON
4,4,13,62,12,8,14,53130,53160,2,collapseStructure:collapseStructure:collapseStructure:domino:collapseStructure:collapseStructure:targetPig,WON
2,4,10,44,12,2,5,30790,30790,3,targetPig:heavyObject,WON
1,4,15,102,12,12,6,19440,19780,4,bunker:bunker:bunker:bunker:bunker:domino:domino:domino:domino:domino:domino:domino,WON
5,4,38,240,12,64,4,71640,71850,5,collapseStructure:bunker:bunker:bunker:bunker:bunker:collapseStructure:domino:domino:domino:domino:domino:domino:domino:domino:domino:domino:domino:domino:domino,WON
2,4,23,110,12,15,13,36670,36670,6,collapseStructure:collapseStructure:bunker:bunker:bunker:bunker:collapseStructure:collapseStructure:domino:domino:domino,WON
3,4,31,150,12,18,4,29230,31030,7,bunker:bunker:bunker:bunker:bunker:bunker:domino:domino,WON
4,4,14,28,12,17,18,57240,58300,8,heavyObject:bunker:bunker:targetPig:domino:domino:domino,WON
3,4,36,206,12,31,0,31190,31240,9,bunker:bunker:bunker:bunker:bunker:collapseStructure:collapseStructure:collapseStructure:domino:domino:domino:domino:domino,WON
2,5,36,162,12,20,7,28320,47630,10,collapseStructure:collapseStructure:collapseStructure:bunker:bunker:bunker:bunker:domino:domino:domino:domino:domino:domino:domino:domino:domino,LOST
4,4,43,150,12,27,9,31550,54440,11,collapseStructure:bunker:bunker:bunker:bunker:bunker:bunker:collapseStructure:targetPig:domino,WON
3,4,32,162,12,64,6,55290,56030,12,targetPig:targetPig:collapseStructure:collapseStructure:targetPig:targetPig:collapseStructure:collapseStructure:targetPig:collapseStructure:defrost:defrost:bunker:bunker:domino:domino:domino:domino:domino:domino:domino:domino:domino:domino,WON
3,4,33,150,12,43,7,41420,42360,13,collapseStructure:collapseStructure:bunker:bunker:bunker:bunker:bunker:targetPig:domino:domino:domino:domino:domino:domino,WON
9,4,23,66,12,37,14,65640,65640,14,targetPig:domino:domino:domino:domino:domino:domino:domino,WON
3,4,38,128,12,26,12,45220,46900,15,targetPig:targetPig:defrost:defrost:defrost:domino:domino:domino:domino:domino:domino,WON
4,5,32,148,12,24,4,47400,57420,16,targetPig:collapseStructure:targetPig:collapseStructure:domino:domino:domino:domino:domino:domino,WON
3,3,46,286,12,34,0,47450,52400,17,targetPig:targetPig:targetPig:collapseStructure:collapseStructure:collapseStructure:collapseStructure:collapseStructure:targetPig:domino:domino:domino:domino:domino:domino:domino:domino:domino,WON
4,5,27,128,12,43,11,47060,47590,18,targetPig:targetPig:collapseStructure:collapseStructure:collapseStructure:targetPig:domino:domino:domino:domino:domino:domino:domino:domino:domino:domino:domino:domino:domino:domino:domino:domino:domino:domino:domino:domino,WON
1,4,35,270,12,19,9,37640,29870,19,domino:domino:domino:domino:domino:domino:bunker:bunker:domino:domino:domino:domino:domino:domino:domino:domino:collapseStructure:domino:domino,WON
2,5,33,158,12,23,8,18750,57250,20,domino:domino:domino:domino:domino:domino:domino:domino:domino:domino:domino:targetPig:domino,LOST
3,7,70,372,12,92,5,66590,65740,21,targetPig:collapseStructure:collapseStructure:collapseStructure:collapseStructure:defrost:defrost:defrost:domino:domino:domino:domino:domino:domino:domino:domino:domino:domino:domino:domino:domino:domino:domino:domino:domino:domino:domino:domino:domino:domino:domino,WON
1,3,16,92,13,11,0,28700,28960,1,bunker:bunker:bunker:bunker:bunker:bunker:bunker:bunker:domino:domino:domino,WON
4,4,13,62,13,8,14,53130,53160,2,collapseStructure:collapseStructure:collapseStructure:domino:collapseStructure:collapseStructure:targetPig,WON
2,4,10,44,13,2,5,30790,30790,3,targetPig:heavyObject,WON
1,4,15,102,13,12,6,19440,19780,4,bunker:bunker:bunker:bunker:bunker:domino:domino:domino:domino:domino:domino:domino,WON
5,4,38,240,13,64,4,70350,71850,5,collapseStructure:bunker:bunker:bunker:bunker:bunker:collapseStructure:domino:domino:domino:domino:domino:domino:domino:domino:domino:domino:domino:domino:domino,WON
2,4,23,110,13,15,13,36670,36670,6,collapseStructure:collapseStructure:bunker:bunker:bunker:bunker:collapseStructure:collapseStructure:domino:domino:domino,WON
3,4,31,150,13,18,4,21880,31030,7,bunker:bunker:bunker:bunker:bunker:bunker:domino:domino,WON
4,4,14,28,13,17,18,57230,58300,8,heavyObject:bunker:bunker:targetPig:domino:domino:domino,WON
3,4,36,206,13,31,0,31030,31240,9,bunker:bunker:bunker:bunker:bunker:collapseStructure:collapseStructure:collapseStructure:domino:domino:domino:domino:domino,WON
2,5,36,162,13,20,7,66220,47630,10,collapseStructure:collapseStructure:collapseStructure:bunker:bunker:bunker:bunker:domino:domino:domino:domino:domino:domino:domino:domino:domino,WON
4,4,43,150,13,27,9,39180,54440,11,collapseStructure:bunker:bunker:bunker:bunker:bunker:bunker:collapseStructure:targetPig:domino,WON
3,4,32,162,13,64,6,55400,56030,12,targetPig:targetPig:collapseStructure:collapseStructure:targetPig:targetPig:collapseStructure:collapseStructure:targetPig:collapseStructure:defrost:defrost:bunker:bunker:domino:domino:domino:domino:domino:domino:domino:domino:domino:domino,WON
3,4,33,150,13,43,7,29920,42360,13,collapseStructure:collapseStructure:bunker:bunker:bunker:bunker:bunker:targetPig:domino:domino:domino:domino:domino:domino,WON
9,4,23,66,13,37,14,65640,65640,14,targetPig:domino:domino:domino:domino:domino:domino:domino,WON
3,4,38,128,13,26,12,39510,46900,15,targetPig:targetPig:defrost:defrost:defrost:domino:domino:domino:domino:domino:domino,WON
4,5,32,148,13,24,4,45880,57420,16,targetPig:collapseStructure:targetPig:collapseStructure:domino:domino:domino:domino:domino:domino,WON
3,3,46,286,13,34,0,49960,52400,17,targetPig:targetPig:targetPig:collapseStructure:collapseStructure:collapseStructure:collapseStructure:collapseStructure:targetPig:domino:domino:domino:domino:domino:domino:domino:domino:domino,WON
4,5,27,128,13,43,11,46030,47590,18,targetPig:targetPig:collapseStructure:collapseStructure:collapseStructure:targetPig:domino:domino:domino:domino:domino:domino:domino:domino:domino:domino:domino:domino:domino:domino:domino:domino:domino:domino:domino:domino,WON
1,4,35,270,13,19,9,36650,37640,19,domino:domino:domino:domino:domino:domino:bunker:bunker:domino:domino:domino:domino:domino:domino:domino:domino:collapseStructure:domino:domino,WON
2,5,33,158,13,23,8,28380,57250,20,domino:domino:domino:domino:domino:domino:domino:domino:domino:domino:targetPig:domino:domino,LOST
3,7,70,372,13,92,5,60650,66590,21,targetPig:collapseStructure:collapseStructure:collapseStructure:collapseStructure:defrost:defrost:defrost:domino:domino:domino:domino:domino:domino:domino:domino:domino:domino:domino:domino:domino:domino:domino:domino:domino:domino:domino:domino:domino:domino:domino,WON
1,3,16,92,14,11,0,28700,28960,1,bunker:bunker:bunker:bunker:bunker:bunker:bunker:bunker:domino:domino:domino,WON
4,4,13,62,14,8,14,53140,53160,2,collapseStructure:collapseStructure:collapseStructure:domino:collapseStructure:collapseStructure:targetPig,WON
2,4,10,44,14,2,5,30790,30790,3,targetPig:heavyObject,WON
1,4,15,102,14,12,6,19610,19780,4,bunker:bunker:bunker:bunker:bunker:domino:domino:domino:domino:domino:domino:domino,WON
5,4,38,240,14,64,4,69710,71850,5,collapseStructure:bunker:bunker:bunker:bunker:bunker:collapseStructure:domino:domino:domino:domino:domino:domino:domino:domino:domino:domino:domino:domino:domino,WON
2,4,23,110,14,15,13,36200,36670,6,collapseStructure:collapseStructure:bunker:bunker:bunker:bunker:collapseStructure:collapseStructure:domino:domino:domino,WON
3,4,31,150,14,18,4,16670,31030,7,bunker:bunker:bunker:bunker:bunker:bunker:domino:domino,LOST
4,4,14,28,14,17,18,57170,58300,8,heavyObject:bunker:bunker:targetPig:domino:domino:domino,WON
3,4,36,206,14,31,0,31090,31240,9,bunker:bunker:bunker:bunker:bunker:collapseStructure:collapseStructure:collapseStructure:domino:domino:domino:domino:domino,WON
2,5,36,162,14,20,7,54440,66220,10,collapseStructure:collapseStructure:collapseStructure:bunker:bunker:bunker:bunker:domino:domino:domino:domino:domino:domino:domino:domino:domino,WON
4,4,43,150,14,27,9,5452,54440,11,collapseStructure:bunker:bunker:bunker:bunker:bunker:bunker:collapseStructure:targetPig:domino,WON
3,4,32,162,14,64,6,54720,56030,12,targetPig:targetPig:collapseStructure:collapseStructure:targetPig:targetPig:collapseStructure:collapseStructure:targetPig:collapseStructure:defrost:defrost:bunker:bunker:domino:domino:domino:domino:domino:domino:domino:domino:domino:domino,WON
3,4,33,150,14,43,7,41500,42360,13,collapseStructure:collapseStructure:bunker:bunker:bunker:bunker:bunker:targetPig:domino:domino:domino:domino:domino:domino,WON
9,4,23,66,14,37,14,65640,65640,14,targetPig:domino:domino:domino:domino:domino:domino:domino,WON
3,4,38,128,14,26,12,45290,46900,15,targetPig:targetPig:defrost:defrost:defrost:domino:domino:domino:domino:domino:domino,WON
4,5,32,148,14,24,4,45770,57420,16,targetPig:collapseStructure:targetPig:collapseStructure:domino:domino:domino:domino:domino:domino,WON
3,3,46,286,14,34,0,51610,52400,17,targetPig:targetPig:targetPig:collapseStructure:collapseStructure:collapseStructure:collapseStructure:collapseStructure:targetPig:domino:domino:domino:domino:domino:domino:domino:domino:domino,WON
4,5,27,128,14,43,11,46620,47590,18,targetPig:targetPig:collapseStructure:collapseStructure:collapseStructure:targetPig:domino:domino:domino:domino:domino:domino:domino:domino:domino:domino:domino:domino:domino:domino:domino:domino:domino:domino:domino:domino,WON
1,4,35,270,14,19,9,32170,37640,19,domino:domino:domino:domino:domino:domino:bunker:bunker:domino:domino:domino:domino:domino:domino:domino:domino:collapseStructure:domino:domino,WON
2,5,33,158,14,23,8,28140,57250,20,domino:domino:domino:domino:domino:domino:domino:domino:domino:targetPig:domino:domino:domino,LOST
3,7,70,372,14,92,5,68880,66590,21,targetPig:collapseStructure:collapseStructure:collapseStructure:collapseStructure:defrost:defrost:defrost:domino:domino:domino:domino:domino:domino:domino:domino:domino:domino:domino:domino:domino:domino:domino:domino:domino:domino:domino:domino:domino:domino:domino,WON
1,3,16,92,15,11,0,28700,28960,1,bunker:bunker:bunker:bunker:bunker:bunker:bunker:bunker:domino:domino:domino,WON
4,4,13,62,15,8,14,53130,53160,2,collapseStructure:collapseStructure:collapseStructure:domino:collapseStructure:collapseStructure:targetPig,WON
2,4,10,44,15,2,5,30790,30790,3,targetPig:heavyObject,WON
1,4,15,102,15,12,6,19610,19780,4,bunker:bunker:bunker:bunker:bunker:domino:domino:domino:domino:domino:domino:domino,WON
5,4,38,240,15,64,4,70030,71850,5,collapseStructure:bunker:bunker:bunker:bunker:bunker:collapseStructure:domino:domino:domino:domino:domino:domino:domino:domino:domino:domino:domino:domino:domino,WON
2,4,23,110,15,15,13,36450,36670,6,collapseStructure:collapseStructure:bunker:bunker:bunker:bunker:collapseStructure:collapseStructure:domino:domino:domino,WON
3,4,31,150,15,18,4,37020,31030,7,bunker:bunker:bunker:bunker:bunker:bunker:domino:domino,WON
4,4,14,28,15,17,18,57600,58300,8,heavyObject:bunker:bunker:targetPig:domino:domino:domino,WON
3,4,36,206,15,31,0,31010,31240,9,bunker:bunker:bunker:bunker:bunker:collapseStructure:collapseStructure:collapseStructure:domino:domino:domino:domino:domino,WON
2,5,36,162,15,20,7,65050,66220,10,collapseStructure:collapseStructure:collapseStructure:bunker:bunker:bunker:bunker:domino:domino:domino:domino:domino:domino:domino:domino:domino,WON
4,4,43,150,15,27,9,20470,54440,11,collapseStructure:bunker:bunker:bunker:bunker:bunker:bunker:collapseStructure:targetPig:domino,LOST
3,4,32,162,15,64,6,53350,56030,12,targetPig:targetPig:collapseStructure:collapseStructure:targetPig:targetPig:collapseStructure:collapseStructure:targetPig:collapseStructure:defrost:defrost:bunker:bunker:domino:domino:domino:domino:domino:domino:domino:domino:domino:domino,WON
3,4,33,150,15,43,7,30170,42360,13,collapseStructure:collapseStructure:bunker:bunker:bunker:bunker:bunker:targetPig:domino:domino:domino:domino:domino:domino,WON
9,4,23,66,15,37,14,65640,65640,14,targetPig:domino:domino:domino:domino:domino:domino:domino,WON
3,4,38,128,15,26,12,46290,46900,15,targetPig:targetPig:defrost:defrost:defrost:domino:domino:domino:domino:domino:domino,WON
4,5,32,148,15,24,4,43790,57420,16,targetPig:collapseStructure:targetPig:collapseStructure:domino:domino:domino:domino:domino:domino,WON
3,3,46,286,15,34,0,46920,52400,17,targetPig:targetPig:targetPig:collapseStructure:collapseStructure:collapseStructure:collapseStructure:collapseStructure:targetPig:domino:domino:domino:domino:domino:domino:domino:domino:domino,WON
4,5,27,128,15,43,11,46300,47590,18,targetPig:targetPig:collapseStructure:collapseStructure:collapseStructure:targetPig:domino:domino:domino:domino:domino:domino:domino:domino:domino:domino:domino:domino:domino:domino:domino:domino:domino:domino:domino:domino,WON
1,4,35,270,15,19,9,36590,37640,19,domino:domino:domino:domino:domino:domino:bunker:bunker:domino:domino:domino:domino:domino:domino:domino:domino:collapseStructure:domino:domino,WON
2,5,33,158,15,23,8,36330,57250,20,domino:domino:domino:domino:domino:domino:domino:domino:targetPig:domino:domino:domino:domino,WON
3,7,70,372,15,92,5,39150,68880,21,targetPig:collapseStructure:collapseStructure:collapseStructure:collapseStructure:defrost:defrost:defrost:domino:domino:domino:domino:domino:domino:domino:domino:domino:domino:domino:domino:domino:domino:domino:domino:domino:domino:domino:domino:domino:domino:domino,LOST
1,3,16,92,16,11,0,28700,28960,1,bunker:bunker:bunker:bunker:bunker:bunker:bunker:bunker:domino:domino:domino,WON
4,4,13,62,16,8,14,53130,53160,2,collapseStructure:collapseStructure:collapseStructure:domino:collapseStructure:collapseStructure:targetPig,WON
2,4,10,44,16,2,5,30790,30790,3,targetPig:heavyObject,WON
1,4,15,102,16,12,6,19540,19780,4,bunker:bunker:bunker:bunker:bunker:domino:domino:domino:domino:domino:domino:domino,WON
5,4,38,240,16,64,4,70850,71850,5,collapseStructure:bunker:bunker:bunker:bunker:bunker:collapseStructure:domino:domino:domino:domino:domino:domino:domino:domino:domino:domino:domino:domino:domino,WON
2,4,23,110,16,15,13,36460,36670,6,collapseStructure:collapseStructure:bunker:bunker:bunker:bunker:collapseStructure:collapseStructure:domino:domino:domino,WON
3,4,31,150,16,18,4,37020,37020,7,bunker:bunker:bunker:bunker:bunker:bunker:domino:domino,WON
4,4,14,28,16,17,18,57750,58300,8,heavyObject:bunker:bunker:targetPig:domino:domino:domino,WON
3,4,36,206,16,31,0,31070,31240,9,bunker:bunker:bunker:bunker:bunker:collapseStructure:collapseStructure:collapseStructure:domino:domino:domino:domino:domino,WON
2,5,36,162,16,20,7,64630,66220,10,collapseStructure:collapseStructure:collapseStructure:bunker:bunker:bunker:bunker:domino:domino:domino:domino:domino:domino:domino:domino:domino,WON
4,4,43,150,16,27,9,50540,54440,11,bunker:bunker:bunker:bunker:collapseStructure:bunker:bunker:collapseStructure:targetPig:domino,WON
3,4,32,162,16,64,6,54700,56030,12,targetPig:targetPig:collapseStructure:collapseStructure:targetPig:targetPig:collapseStructure:collapseStructure:targetPig:collapseStructure:defrost:defrost:bunker:bunker:domino:domino:domino:domino:domino:domino:domino:domino:domino:domino,WON
3,4,33,150,16,43,7,30110,42360,13,collapseStructure:collapseStructure:bunker:bunker:bunker:bunker:bunker:targetPig:domino:domino:domino:domino:domino:domino,WON
9,4,23,66,16,37,14,65640,65640,14,targetPig:domino:domino:domino:domino:domino:domino:domino,WON
3,4,38,128,16,26,12,45900,46900,15,targetPig:targetPig:defrost:defrost:defrost:domino:domino:domino:domino:domino:domino,WON
4,5,32,148,16,24,4,45900,57420,16,targetPig:collapseStructure:targetPig:collapseStructure:domino:domino:domino:domino:domino:domino,WON
3,3,46,286,16,34,0,48140,52400,17,targetPig:targetPig:targetPig:collapseStructure:collapseStructure:collapseStructure:collapseStructure:collapseStructure:targetPig:domino:domino:domino:domino:domino:domino:domino:domino:domino,WON
4,5,27,128,16,43,11,46350,47590,18,targetPig:targetPig:collapseStructure:collapseStructure:collapseStructure:targetPig:domino:domino:domino:domino:domino:domino:domino:domino:domino:domino:domino:domino:domino:domino:domino:domino:domino:domino:domino:domino,WON
1,4,35,270,16,19,9,29910,37640,19,domino:domino:domino:domino:domino:domino:bunker:bunker:domino:domino:domino:domino:domino:domino:domino:domino:collapseStructure:domino:domino,WON
2,5,33,158,16,23,8,35410,57250,20,domino:domino:domino:domino:domino:domino:domino:domino:targetPig:domino:domino:domino:domino,WON
3,7,70,372,16,92,5,46980,68880,21,targetPig:collapseStructure:collapseStructure:collapseStructure:collapseStructure:defrost:defrost:defrost:domino:domino:domino:domino:domino:domino:domino:domino:domino:domino:domino:domino:domino:domino:domino:domino:domino:domino:domino:domino:domino:domino:domino,LOST
